AIMONE,AIMTWOALBONE,ALBTWOALBUMINONE,ALBUMINTWOALIONE,ALITWOANDONE,ANDTWOANGELONE,ANGELTWOANGELONE'S,ANGELTWO'SANTIONE,ANTITWOANYONE,ANYTWOANYONE'S,ANYTWO'SANYONES,ANYTWOSBANKSONES,BANKSTWOSBARONE,BARTWOBASTONE,BASTTWOBERTONE,BERTTWOBIGONE,BIGTWOBILLONES,BILLTWOSBIZONE,BIZTWOBIZONES,BIZTWOSBLUESTONER,BLUESTTWORBUFFONE,BUFFTWOCALDERONE,CALDERTWOCAMPIONE,CAMPITWOCANTIONE,CANTITWOCANTIONES,CANTITWOSCAPITONE,CAPITTWOCAPONE,CAPTWOCARDAMONE,CARDAMTWOCARDONES,CARDTWOSCARONE,CARTWOCASCONE,CASCTWOCATONE,CATTWOCELTONE,CELTTWOCENTONES,CENTTWOSCHAMPONE,CHAMPTWOCHAPERONE,CHAPERTWOCHAPONE,CHAPTWOCHINONE,CHINTWOCORSONES,CORSTWOSCREPITONE,CREPITTWOCUBICONE,CUBICTWODAMONE,DAMTWODEBONE,DEBTWODEBONED,DEBTWODDEBONER,DEBTWORDEBONES,DEBTWOSDRAGONE,DRAGTWOELECTONE,ELECTTWOEPICONE,EPICTWOEVERONE,EVERTWOEVERONE'S,EVERTWO'SEVERYONE,EVERYTWOEVERYONE'S,EVERYTWO'SEVERYONES,EVERYTWOSFARONE,FARTWOFASTONE,FASTTWOFENONE,FENTWOFENONES,FENTWOSFIGONE,FIGTWOHARDONE,HARDTWOHERMINONE,HERMINTWOHULLONE,HULLTWOHURSTONE,HURSTTWOHUTONE,HUTTWOJOHNSONE,JOHNSTWOLANDONE,LANDTWOLANGONE,LANGTWOLANGONE'S,LANGTWO'SLATONE,LATTWOLAUDONE,LAUDTWOLEVERONE,LEVERTWOMACCARONE,MACCARTWOMADONE,MADTWOMAIMONE,MAIMTWOMALDERONE,MALDERTWOMAMONE,MAMTWOMANTIONE,MANTITWOMANTIONED,MANTITWODMARONE,MARTWOMARONEY'S,MARTWOY'SMASCONE,MASCTWOMASSONE,MASSTWOMILLONES,MILLTWOSMONTERONE,MONTERTWOMULTITONE,MULTITTWOMULTITONED,MULTITTWODNARDONE,NARDTWONATONE,NATTWONO-ONE,NO-TWONO_ONE,NO_TWONUTONE,NUTTWONUTONER,NUTTWORONCE,TWICEONCER,TWICERONCERS,TWICERSONCES,TWICESONE,TWOONE'S,TWO'SONE-ARMED,TWO-ARMEDONE-EYED,TWO-EYEDONE-HORSE,TWO-HORSEONE-IDEA'D,TWO-IDEA'DONE-SIDED,TWO-SIDEDONE-STEP,TWO-STEPONE-STEPPED,TWO-STEPPEDONE-STEPS,TWO-STEPSONE-TIME,TWO-TIMEONE-UPMANSHIP,TWO-UPMANSHIPONEALL,TWOALLONEFOLD,TWOFOLDONEIDA,TWOIDAONEIDA'S,TWOIDA'SONEIDAS,TWOIDASONEILL,TWOILLONENESS,TTWOESSONENESSES,TTWOESSESONER,TWORONES,TWOSONESELF,TWOSELFONESELVES,TWOSELVESONESIDED,TWOSIDEDONESIDEDNESS,TWOSIDEDNESSONETIME,TWOTIMEONEX'S,TWOX'SONEYEAR,TWOYEAROSTERONE,OSTERTWOPALONE,PALTWOPERONE,PERTWOPERONE'S,PERTWO'SPETONE,PETTWOPICONE,PICTWOPINONES,PINTWOSPIPITONE,PIPITTWOPRACTIONER,PRACTITWORPRACTIONERS,PRACTITWORSPROGESTERONE,PROGESTERTWOPROGESTERONE'S,PROGESTERTWO'SPROGESTERONES,PROGESTERTWOSPROPONER,PROPTWORQUADRICONE,QUADRICTWORAGONE,RAGTWORAINONE,RAINTWORAMONE,RAMTWORAMONE'S,RAMTWO'SRAMONES,RAMTWOSRATONES,RATTWOSREFLECTONE,REFLECTTWOREFLECTONE'S,REFLECTTWO'SSAGONE,SAGTWOSALAMONE,SALAMTWOSALAMONE'S,SALAMTWO'SSALONE,SALTWOSANSONE,SANSTWOSANSONE'S,SANSTWO'SSCARFONE,SCARFTWOSENONES,SENTWOSSIDONE,SIDTWOSOMEONE,SOMETWOSOMEONE'S,SOMETWO'SSOMEONES,SOMETWOSSPALLONE,SPALLTWOSPALLONE'S,SPALLTWO'SSTALLONE,STALLTWOSTALLONE'S,STALLTWO'SSTALLONES,STALLTWOSSTAMPONE,STAMPTWOSTELLONE,STELLTWOSWEETONES,SWEETTWOSSWUNG,SWTTWOGSYSTEMONE,SYSTEMTWOTABONE,TABTWOTARONE,TARTWOTELEGRAPHONE,TELEGRAPHTWOTELONE,TELTWOTESTERONE,TESTERTWOTESTOSTERONE,TESTOSTERTWOTESTOSTERONE'S,TESTOSTERTWO'STESTOSTERONED,TESTOSTERTWODTHEONE,THETWOTIMONER,TIMTWORTIMONER'S,TIMTWOR'STITONE,TITTWOTRICONE,TRICTWOWINSONE,WINSTWOWON,TWOWONDA,TWODAWONDER,TWODERWONDER,TWODERWONDER'S,TWODER'SWONDER'S,TWODER'SWONDER-STRUCK,TWODER-STRUCKWONDERBAR,TWODERBARWONDERBARS,TWODERBARSWONDERBOX,TWODERBOXWONDERD,TWODERDWONDERD,TWODERDWONDERDOG,TWODERDOGWONDERDOGS,TWODERDOGSWONDERED,TWODEREDWONDERER,TWODERERWONDERERED,TWODEREREDWONDERERS,TWODERERSWONDERFUL,TWODERFULWONDERFUL'S,TWODERFUL'SWONDERFULLY,TWODERFULLYWONDERFULNESS,TWODERFULNESSWONDERFULS,TWODERFULSWONDERGRADUATE,TWODERGRADUATEWONDERING,TWODERINGWONDERING'S,TWODERING'SWONDERINGLY,TWODERINGLYWONDERINGS,TWODERINGSWONDERLAND,TWODERLANDWONDERLAND'S,TWODERLAND'SWONDERLANDS,TWODERLANDSWONDERLESS,TWODERLESSWONDERLINE,TWODERLINEWONDERLING,TWODERLINGWONDERLY,TWODERLYWONDERMAN,TWODERMANWONDERMAN'S,TWODERMAN'SWONDERMENT,TWODERMENTWONDERMENTS,TWODERMENTSWONDEROUS,TWODEROUSWONDERPANTS,TWODERPANTSWONDERS,TWODERSWONDERSTRONG,TWODERSTRONGWONDERSTRUCK,TWODERSTRUCKWONDERSTUD,TWODERSTUDWONDERSTUFF,TWODERSTUFFWONDERWALL,TWODERWALLWONDERWORK,TWODERWORKWONDERWORKER,TWODERWORKERWONDERWORKING,TWODERWORKINGWONDERWORKS,TWODERWORKSWONDERWORLD,TWODERWORLDWONDIE,TWODIEWONDRA,TWODRAWONDRING,TWODRINGWONDROS,TWODROSWONDROUS,TWODROUSWONDROUSLY,TWODROUSLYWONDROUSNESS,TWODROUSNESSWONG'S,TWONG'SWONING,TWOINGWONKIER,TWONGKIERWONTON,TWOTONWONTONS,TWOTONS