AMARANTUS,AMARANTHREESARMINTO,ARMINTHREEBANTU,BANTHREEBANTU'S,BANTHREE'SBANTUS,BANTHREESBARSTOOL,BARSTHREELBARSTOOLS,BARSTHREELSBARTOO,BARTHREEBATTUE,BATTHREEEBATTUES,BATTHREEESBUCKTOOTH,BUCKTHREETHBUCKTOOTH'S,BUCKTHREETH'SBUCKTOOTHED,BUCKTHREETHEDCAMP-STOOL,CAMP-STHREELCAMP-STOOLS,CAMP-STHREELSCAMPSTOOL,CAMPSTHREELCAMPSTOOLS,CAMPSTHREELSCANTU,CANTHREECANTUS,CANTHREESCARTOON,CARTHREENCARTOON'S,CARTHREEN'SCARTOONED,CARTHREENEDCARTOONING,CARTHREENINGCARTOONING'S,CARTHREENING'SCARTOONIST,CARTHREENISTCARTOONIST'S,CARTHREENIST'SCARTOONISTS,CARTHREENISTSCARTOONISTS',CARTHREENISTS'CARTOONS,CARTHREENSCARTOUCHE,CARTHREEUCHECARTOUCHES,CARTHREEUCHESCHENGTU,CHENGTHREECOCKATOO,COCKATHREECOCKATOO'S,COCKATHREE'SCOCKATOOS,COCKATHREESCONTRAPUNTO,CONTRAPUNTHREECORINTO,CORINTHREEDEPINTO,DEPINTHREEDIPINTO,DIPINTHREEDISCANTUS,DISCANTHREESDISENTOMB,DISENTHREEMBDISENTOMBMENT,DISENTHREEMBMENTDOG'S-TOOTH,DOG'S-THREETHDOGTOOTH,DOGTHREETHDOGTOOTHING,DOGTHREETHINGDUCKING-STOOL,DUCKING-STHREELDUCKING-STOOLS,DUCKING-STHREELSENTOMB,ENTHREEMBENTOMB,ENTHREEMBENTOMBED,ENTHREEMBEDENTOMBED,ENTHREEMBEDENTOMBING,ENTHREEMBINGENTOMBING,ENTHREEMBINGENTOMBMENT,ENTHREEMBMENTENTOMBMENT,ENTHREEMBMENTENTOMBMENTS,ENTHREEMBMENTSENTOMBMENTS,ENTHREEMBMENTSENTOMBS,ENTHREEMBSENTOMBS,ENTHREEMBSEYE-TOOTH,EYE-THREETHEYETOOTH,EYETHREETHFALDSTOOL,FALDSTHREELFANTUS,FANTHREESFANTUS'S,FANTHREES'SFESTOON,FESTHREENFESTOONED,FESTHREENEDFESTOONING,FESTHREENINGFESTOONS,FESTHREENSFINE-TOOTH,FINE-THREETHFOOTSTOOL,FOOTSTHREELFOOTSTOOLS,FOOTSTHREELSGAP-TOOTHED,GAP-THREETHEDHECATOMB,HECATHREEMBHECATOMBS,HECATHREEMBSHEREINTO,HEREINTHREEHERETO,HERETHREEHERETOFORE,HERETHREEFOREHERETOFORE,HERETHREEFOREHERETOFORES,HERETHREEFORESHERETOFORES,HERETHREEFORESHEREUNTO,HEREUNTHREEHITHERTO,HITHERTHREEHITHERTOS,HITHERTHREESIMPINTO,IMPINTHREEINTO,INTHREEINTO'S,INTHREE'SINTOED,INTHREEEDINTOMB,INTHREEMBINTOMBING,INTHREEMBINGINTOMBS,INTHREEMBSJACINTO,JACINTHREEJACINTO'S,JACINTHREE'SJACINTOS,JACINTHREESKHARTOUM,KHARTHREEUMKHARTOUM'S,KHARTHREEUM'SLANTONMENT,LANTHREENMENTLEAN-TO,LEAN-THREELEAN-TOS,LEAN-THREESLOPINTO,LOPINTHREEMANTOOTH,MANTHREETHMANTUS,MANTHREESMATTOON'S,MATTHREEN'SMEZZOTINTO,MEZZOTINTHREEMILK-TOOTH,MILK-THREETHMINTO,MINTHREEMINTOS,MINTHREESMUSIC-STOOL,MUSIC-STHREELMUSIC-STOOLS,MUSIC-STHREELSNIGHTSTOOL,NIGHTSTHREELNONSTOOPING,NONSTHREEPINGPARTOUT,PARTHREEUTPASSEPARTOUT,PASSEPARTHREEUTPASSEPARTOUT'S,PASSEPARTHREEUT'SPASSEPARTOUTS,PASSEPARTHREEUTSPLATOON,PLATHREENPLATOON'S,PLATHREEN'SPLATOONED,PLATHREENEDPLATOONING,PLATHREENINGPLATOONS,PLATHREENSPONTOON,PONTHREENPONTOONED,PONTHREENEDPONTOONING,PONTHREENINGPONTOONS,PONTHREENSPUNTO,PUNTHREEQUINTO,QUINTHREEQUINTOS,QUINTHREESRETOOL,RETHREELRETOOLED,RETHREELEDRETOOLING,RETHREELINGRETOOLINGS,RETHREELINGSRETOOLS,RETHREELSROOKSTOOL,ROOKSTHREELSABRE-TOOTHED,SABRE-THREETHEDSANTUS,SANTHREESSAWTOOTH,SAWTHREETHSCINTO,SCINTHREESCINTO'S,SCINTHREE'SSET-TO,SET-THREESET-TOS,SET-THREESSHANTU,SHANTHREESHINTO,SHINTHREESHINTO'S,SHINTHREE'SSPITTOON,SPITTHREENSPITTOONS,SPITTHREENSSPONTOON,SPONTHREENSTAND-TO,STAND-THREESTOOGE,STHREEGESTOOGE'S,STHREEGE'SSTOOGED,STHREEGEDSTOOGES,STHREEGESSTOOGING,STHREEGINGSTOOL,STHREELSTOOL'S,STHREEL'SSTOOLED,STHREELEDSTOOLER,STHREELERSTOOLER,STHREELERSTOOLIES,STHREELIESSTOOLING,STHREELINGSTOOLS,STHREELSSTOOP,STHREEPSTOOPED,STHREEPEDSTOOPER,STHREEPERSTOOPERS,STHREEPERSSTOOPING,STHREEPINGSTOOPINGLY,STHREEPINGLYSTOOPS,STHREEPSSTOOPS',STHREEPS'STOUP,STHREEUPSTOUPS,STHREEUPSSURTOUT,SURTHREEUTTALKING-TO,TALKING-THREETALKING-TOS,TALKING-THREESTATTOO,TATTHREETATTOO'S,TATTHREE'STATTOOD,TATTHREEDTATTOOED,TATTHREEEDTATTOOER,TATTHREEERTATTOOERS,TATTHREEERSTATTOOES,TATTHREEESTATTOOING,TATTHREEINGTATTOOS,TATTHREESTESTOON,TESTHREENTHERETO,THERETHREETHERETOFORE,THERETHREEFORETHEREUNTO,THEREUNTHREETHITHERTO,THITHERTHREETINTO,TINTHREETO,THREETOADSTOOL,THREEADSTHREELTOADSTOOLS,THREEADSTHREELSTOMB,THREEMBTOMB'S,THREEMB'STOMBA'S,THREEMBA'STOMBED,THREEMBEDTOMBER,THREEMBERTOMBER,THREEMBERTOMBES,THREEMBESTOMBING,THREEMBINGTOMBLET,THREEMBLETTOMBLIKE,THREEMBLIKETOMBLING,THREEMBLINGTOMBLINSON,THREEMBLINSONTOMBS,THREEMBSTOMBSTONE,THREEMBSTHREENETOMBSTONE'S,THREEMBSTHREENE'STOMBSTONES,THREEMBSTHREENESTOO,THREETOOBIN,THREEBINTOOBIN'S,THREEBIN'STOOGOOD,THREEGOODTOOHEY,THREEHEYTOOHEY'S,THREEHEY'STOOHEYS,THREEHEYSTOOING,THREEINGTOOL,THREELTOOL'S,THREEL'STOOLAND,THREELANDTOOLBOX,THREELBOXTOOLBOXES,THREELBOXESTOOLE'S,THREELE'STOOLED,THREELEDTOOLER,THREELERTOOLER,THREELERTOOLERS,THREELERSTOOLERS,THREELERSTOOLES,THREELESTOOLEY,THREELEYTOOLHEAD,THREELHEADTOOLHOLDER,THREELHOLDERTOOLINC,THREELINCTOOLING,THREELINGTOOLINGS,THREELINGSTOOLKIT,THREELKITTOOLKIT'S,THREELKIT'STOOLKITS,THREELKITSTOOLLESS,THREELLESSTOOLMAKE,THREELMAKETOOLMAKER,THREELMAKERTOOLMAKER'S,THREELMAKER'STOOLMAKERS,THREELMAKERSTOOLMAKING,THREELMAKINGTOOLMARKING,THREELMARKINGTOOLROOM,THREELROOMTOOLROOMS,THREELROOMSTOOLS,THREELSTOOLSHED,THREELSHEDTOOLSHEDS,THREELSHEDSTOOLWORK'S,THREELWORK'STOOLWORKS,THREELWORKSTOOLWORKS'S,THREELWORKS'STOOM'S,THREEM'STOOMAN,THREEMANTOON'S,THREEN'STOOT,THREETTOOT'S,THREET'STOOTED,THREETEDTOOTER,THREETERTOOTER'S,THREETER'STOOTERS,THREETERSTOOTH,THREETHTOOTH'S,THREETH'STOOTHACHE,THREETHACHETOOTHACHE'S,THREETHACHE'STOOTHACHES,THREETHACHESTOOTHBRUSH,THREETHBRUSHTOOTHBRUSH'S,THREETHBRUSH'STOOTHBRUSHES,THREETHBRUSHESTOOTHBRUSHING,THREETHBRUSHINGTOOTHBRUSHY,THREETHBRUSHYTOOTHCOMB,THREETHCOMBTOOTHCOMBS,THREETHCOMBSTOOTHED,THREETHEDTOOTHING,THREETHINGTOOTHLESS,THREETHLESSTOOTHLESSLY,THREETHLESSLYTOOTHLESSNESS,THREETHLESSNESSTOOTHLIKE,THREETHLIKETOOTHLINE,THREETHLINETOOTHMAN,THREETHMANTOOTHPASTE,THREETHPASTETOOTHPASTE'S,THREETHPASTE'STOOTHPASTES,THREETHPASTESTOOTHPICK,THREETHPICKTOOTHPICK'S,THREETHPICK'STOOTHPICKED,THREETHPICKEDTOOTHPICKS,THREETHPICKSTOOTHPOWDER,THREETHPOWDERTOOTHPOWDER,THREETHPOWDERTOOTHS,THREETHSTOOTHSOME,THREETHSOMETOOTHSOMELY,THREETHSOMELYTOOTHSOMENESS,THREETHSOMENESSTOOTHY,THREETHYTOOTING,THREETINGTOOTINGS,THREETINGSTOOTLE,THREETLETOOTLED,THREETLEDTOOTLER,THREETLERTOOTLER,THREETLERTOOTLERS,THREETLERSTOOTLERS,THREETLERSTOOTLES,THREETLESTOOTLING,THREETLINGTOOTS,THREETSTOUCAN,THREEUCANTOUCAN'S,THREEUCAN'STOUCANS,THREEUCANSTOUCAS,THREEUCASTOULON,THREEULONTOULON'S,THREEULON'STOULOUSE,THREEULOUSETOULOUSE'S,THREEULOUSE'STOUPEE,THREEUPEETOUPEED,THREEUPEEDTOUPEES,THREEUPEESTOUPS,THREEUPSTOUT,THREEUTTOUT'S,THREEUT'STOUTER,THREEUTERTOUTER,THREEUTERTOUTERS,THREEUTERSTOUTERS,THREEUTERSTOUTES,THREEUTESTOUT_ENSEMBLE,THREEUT_ENSEMBLETUTTI-FRUTTI,THREETTI-FRUTTITUTTI-FRUTTIS,THREETTI-FRUTTISTUTU,THREETHREETUTU'S,THREETHREE'STUTUS,THREETHREESTWO,THREETWO'S,THREE'STWO-A-PENNY,THREE-A-PENNYTWO-EDGED,THREE-EDGEDTWO-EDGED,THREE-EDGEDTWO-FACED,THREE-FACEDTWO-FUNNELLED,THREE-FUNNELLEDTWO-HANDED,THREE-HANDEDTWO-PIECE,THREE-PIECETWO-PLY,THREE-PLYTWO-SEATER,THREE-SEATERTWO-SEATER,THREE-SEATERTWO-SEATERS,THREE-SEATERSTWO-STEP,THREE-STEPTWO-STEPS,THREE-STEPSTWO-TIME,THREE-TIMETWO-TIMING,THREE-TIMINGTWO-WAY,THREE-WAYTWOFOLD,THREEFOLDTWOFOLDLY,THREEFOLDLYTWOFOLDNESS,THREEFOLDNESSTWOFOLDS,THREEFOLDSTWOHILL,THREEHILLTWOING,THREEINGTWOPENNYWORTH,THREEPENNYWORTHTWOS,THREESTWOSOME,THREESOMETWOSOME'S,THREESOME'STWOSOMES,THREESOMESTWOTHIRDS,THREETHIRDSUNFESTOONED,UNFESTHREENEDUNINTOMBED,UNINTHREEMBEDUNSTOOPING,UNSTHREEPINGUNTO,UNTHREEVERTU,VERTHREEVERTUES,VERTHREEESVERTUS,VERTHREESVERTUS'S,VERTHREES'SVIRTU,VIRTHREEVIRTUED,VIRTHREEEDVIRTUS,VIRTHREESWHERETO,WHERETHREEWHEREUNTO,WHEREUNTHREEWISDOM-TOOTH,WISDOM-THREETH